,branch-0-train-loss,branch-1-train-loss,branch-2-train-loss,branch-3-train-loss,branch-0-train-accuracy,branch-1-train-accuracy,branch-2-train-accuracy,branch-3-train-accuracy,branch-0-test-loss,branch-1-test-loss,branch-2-test-loss,branch-3-test-loss,branch-0-test-accuracy,branch-1-test-accuracy,branch-2-test-accuracy,branch-3-test-accuracy
0,2.7510423577637564,2.7210018481910745,2.5840637101251085,1.4198221243026972,0.1386481802426343,0.14655545927209707,0.20363951473136915,0.5900129982668978,2.6596313688122835,2.5719609781195842,2.255053118568566,0.8213233881641302,0.16031195840554593,0.21707105719237435,0.32322357019064124,0.7603986135181976
1,2.6684836878520364,2.5843323917488084,2.2581150312770797,1.131488238091692,0.16767764298093588,0.20385615251299827,0.348028596187175,0.6564124783362218,2.5865013082891033,2.4400949990522096,1.9617469298364385,0.7687295421157387,0.23353552859618718,0.29506065857885616,0.44020797227036396,0.774263431542461
2,2.6186935980150565,2.4968113626516466,2.0660599257338603,1.1072647914522855,0.18533362218370883,0.2218370883882149,0.40489601386481805,0.6665944540727903,2.5296963009098787,2.343786388377383,1.7818053458757583,0.804339800591692,0.231369150779896,0.2889948006932409,0.464471403812825,0.7651646447140381
3,2.5811137128330808,2.4372791310116986,1.939487820894714,1.0927150468479203,0.18999133448873484,0.24100953206239167,0.4390164644714038,0.6689774696707106,2.500487646568999,2.2912811332186958,1.6721441047443675,0.79760012304349,0.24133448873483535,0.29332755632582325,0.5064991334488734,0.774263431542461
4,2.5561728651023614,2.391618910447357,1.8465595212305026,1.0952381153866984,0.20147313691507798,0.2505415944540728,0.47010398613518195,0.6734185441941074,2.467192069703206,2.2400376238897315,1.5858106695799934,0.8696748148423961,0.2448006932409012,0.30589254766031193,0.5268630849220104,0.7603986135181976
5,2.5357949506472055,2.3557708581564123,1.7767346677995017,1.0988962051153597,0.20363951473136915,0.2550909878682842,0.4816941074523397,0.6695190641247833,2.4394920521013863,2.1951969880578424,1.5197012387280655,0.8339689310956456,0.2603986135181976,0.3141247833622184,0.5454939341421143,0.7642980935875217
6,2.5185889602740468,2.3280211238761916,1.7205146247427425,1.1008164324834813,0.2102469670710572,0.26094020797227035,0.5030329289428076,0.6719020797227037,2.417211575565966,2.162761615508557,1.4564687110728987,0.7756073685617959,0.24220103986135183,0.32062391681109187,0.5628249566724437,0.774263431542461
7,2.498224374119909,2.2969325444107453,1.6672295581943242,1.0724590969250976,0.21826256499133448,0.2716637781629116,0.5173310225303293,0.6736351819757366,2.405842746357777,2.1479088107262783,1.4305774285433817,0.8293172482601279,0.2608318890814558,0.322790294627383,0.5779896013864818,0.7599653379549394
8,2.493374141911287,2.2828163927101386,1.6249190781723895,1.0684876863423418,0.211763431542461,0.27155545927209707,0.5319540727902946,0.6798093587521664,2.3851802832538995,2.123703135154896,1.3865835629468155,0.7874788651226712,0.26819757365684577,0.33232235701906415,0.5870883882149047,0.7699306759098787
9,2.4747445620531847,2.257328026836005,1.589439987103282,1.0460604927155546,0.22075389948006932,0.28650346620450606,0.5343370883882149,0.6802426343154246,2.3631177138621102,2.0928576385127817,1.3524430141085355,0.8535554512328044,0.26949740034662045,0.33708838821490467,0.6022530329289428,0.7603986135181976
10,2.4603197438258233,2.2323213838415294,1.492022271379441,0.8782568126658633,0.2255199306759099,0.2908362218370884,0.5576256499133448,0.7270363951473137,2.3521523302101386,2.0731186362651646,1.2696086810821057,0.7313863400570029,0.27599653379549394,0.3344887348353553,0.6182842287694974,0.7937608318890814
11,2.4526885510317373,2.2153085480529677,1.4003669302426343,0.7542375005923689,0.2246533795493934,0.29300259965337955,0.5825389948006933,0.7586655112651647,2.3379403416784013,2.061698186335572,1.2213299782685225,0.7132243085362056,0.2755632582322357,0.33708838821490467,0.6273830155979203,0.798526863084922
12,2.445057358237652,2.2001009565912044,1.334068364452448,0.6761459271250813,0.22487001733102252,0.29820190641247835,0.5978119584055459,0.786286828422877,2.3291098133530115,2.049864770634749,1.1848218577366767,0.7170759230800476,0.274263431542461,0.33708838821490467,0.6403812824956673,0.7959272097053726
13,2.4414893932111137,2.193768744245559,1.2736935937838496,0.5953118970530492,0.22974436741767765,0.30340121317157714,0.6194757365684576,0.8071923743500866,2.3188343279489816,2.039815866348029,1.1527512152025563,0.7298841559081185,0.27946273830155977,0.33708838821490467,0.6486135181975736,0.7946273830155979
14,2.4265358857100305,2.1732655860728984,1.2319497781155222,0.5668078444032983,0.23288561525129983,0.3053509532062392,0.6230502599653379,0.8150996533795494,2.311847547931109,2.0225335026944324,1.1250408311443891,0.7463145660982181,0.27599653379549394,0.33882149046793764,0.662478336221837,0.7950606585788561
15,2.4218180902702557,2.162833969142656,1.1875303589078747,0.5070220048134207,0.23104419410745233,0.3044844020797227,0.6421143847487002,0.8345970537261699,2.303469547159337,2.0145826422362436,1.106478315912045,0.753284421289401,0.2824956672443674,0.3375216637781629,0.6685441941074524,0.7933275563258232
16,2.4154408155735485,2.152392620437067,1.1528205012118176,0.4639665150766356,0.22898613518197575,0.30719237435008667,0.6509965337954939,0.8484618717504333,2.2994556129495236,2.0117655048337304,1.0839960108183493,0.743279098431407,0.28466204506065856,0.33708838821490467,0.6711438474870017,0.7946273830155979
17,2.4172989499837523,2.147837303333514,1.1232006793625433,0.4239755296624513,0.23201906412478338,0.3123916811091854,0.6582538994800693,0.8650346620450606,2.295049657441508,2.007438461330156,1.062861133489493,0.7503958293842071,0.2850953206239168,0.34185441941074524,0.6763431542461005,0.7946273830155979
18,2.411798592869909,2.139160790931001,1.0925926591949198,0.3846407779581212,0.23191074523396882,0.31542461005199307,0.6670277296360485,0.8746750433275563,2.2841092379089036,1.9902371252843372,1.0530588027716097,0.7760959142622129,0.2907279029462738,0.3409878682842288,0.67894280762565,0.7946273830155979
19,2.4084747684683707,2.132810384396664,1.068814018156954,0.35831677521122185,0.23851819757365686,0.31390814558058927,0.6721187175043327,0.8818240901213171,2.276721551058817,1.9835683204478987,1.0418067548675802,0.8023284436098624,0.2907279029462738,0.34055459272097055,0.6889081455805892,0.7933275563258232
20,2.400767837074848,2.1208870555540513,1.044444171766681,0.3308859152438529,0.2363518197573657,0.32159878682842286,0.67894280762565,0.8940641247833622,2.2771609618717505,1.9818252748591854,1.0229400158754873,0.8182154610830535,0.28942807625649913,0.3409878682842288,0.6919410745233969,0.7941941074523396
21,2.3952247447736137,2.1109397002274695,1.0207350282983103,0.3052937525810361,0.2371100519930676,0.3212738301559792,0.6891247833622184,0.901213171577123,2.265138411232669,1.964302367106261,1.0159406480177644,0.8468208511326094,0.28682842287694976,0.3466204506065858,0.6971403812824957,0.7898613518197574
22,2.3886373906656195,2.0981049694676126,0.9859651932476712,0.26698758077373536,0.23797660311958405,0.3222487001733102,0.6982235701906413,0.9180025996533796,2.2610669326121102,1.9506053164265598,1.0021275564950716,0.8592292349301344,0.29116117850953205,0.354419410745234,0.695840554592721,0.7959272097053726
23,2.391631604067374,2.0958237143901646,0.9714725699333839,0.24650965117085952,0.2355935875216638,0.31824090121317156,0.7049393414211439,0.9236351819757366,2.260631964566183,1.9487279300259965,0.9847455479243392,0.8839496367932193,0.29246100519930673,0.3574523396880416,0.7053726169844021,0.7907279029462738
24,2.3817874901836005,2.0864632274290513,0.9504460114953422,0.23240219988897315,0.24220103986135183,0.32582322357019067,0.7075389948006933,0.9267764298093587,2.2560561261102685,1.9443056843722921,0.9803688935225303,0.9055831618284229,0.2915944540727903,0.3561525129982669,0.7001733102253033,0.7894280762564991
25,2.3762833249837523,2.0763584712142547,0.9280306652472379,0.21848806186193404,0.24620883882149047,0.3262564991334489,0.7156629116117851,0.9316507798960139,2.249247479893306,1.9365797125487434,0.9663064781466638,0.9461737621181759,0.292894280762565,0.3561525129982669,0.7079722703639515,0.7794627383015598
26,2.378344557314233,2.076389782143631,0.9159405210815641,0.19567265502295006,0.24350086655112652,0.33221403812824957,0.7236785095320624,0.9416161178509532,2.2467855522909446,1.936958617106261,0.9685792708107669,0.9322489667393306,0.29766031195840553,0.3492201039861352,0.7079722703639515,0.7937608318890814
27,2.375550479988085,2.0623984510398614,0.8954240346078857,0.1821562107555581,0.23960138648180243,0.33481369150779894,0.7268197573656846,0.9435658578856152,2.239646448832864,1.9204382937743718,0.96548826855638,0.9409281236460139,0.2972270363951473,0.36091854419410746,0.7123050259965338,0.7907279029462738
28,2.3722956242553077,2.0596879400454937,0.8773275867905113,0.17620240051163752,0.24003466204506066,0.3297227036395147,0.7325606585788561,0.945840554592721,2.2350198358968805,1.9136328209624134,0.9532052871466096,0.9341393641004117,0.2989601386481802,0.36048526863084923,0.7123050259965338,0.7863951473136915
29,2.3590711993609186,2.0400058475276213,0.8534592441710896,0.16290765825136075,0.24761698440207972,0.33708838821490467,0.7412261698440208,0.9501733102253033,2.2308973712359186,1.9097936355881715,0.9414281464945299,0.9679065089498483,0.298526863084922,0.36048526863084923,0.7153379549393414,0.7850953206239168
30,2.3579657966177425,2.037747652526538,0.8344353687411991,0.15063908938931841,0.2512998266897747,0.33719670710571925,0.7484835355285961,0.9539644714038128,2.229987238680676,1.9034036672714472,0.9448230551681651,0.9992430371262998,0.29982668977469673,0.36395147313691506,0.7153379549393414,0.7816291161178509
31,2.363789629481694,2.036073998727253,0.8299788503134478,0.1522160997837007,0.24035961871750433,0.3446707105719237,0.7462088388214905,0.9532062391681109,2.222968089931759,1.8924243206374567,0.9323335908727794,1.0232401142087304,0.30025996533795496,0.3708838821490468,0.7205372616984402,0.7850953206239168
32,2.355244707606694,2.027472590243176,0.8108221678841259,0.14237177433959325,0.24360918544194107,0.34217937608318894,0.7533578856152513,0.9566724436741768,2.2162370863572356,1.8818526507663562,0.9259406607113844,1.0426145980015165,0.3006932409012132,0.3717504332755633,0.7205372616984402,0.7811958405545927
33,2.352382930973787,2.0198316656737436,0.7879773541587685,0.1332688753071856,0.25,0.34207105719237435,0.7574740034662045,0.9574306759098787,2.212614538764623,1.8822527113572356,0.9275894561714688,1.0112149190654787,0.3024263431542461,0.3747833622183709,0.7140381282495667,0.7855285961871751
34,2.3492247583134747,2.00644053123646,0.7754017848075986,0.13113273739608156,0.24859185441941076,0.3466204506065858,0.7637564991334489,0.9601386481802426,2.2085847375297876,1.8738203395797226,0.917297892182084,1.0881136095916377,0.30459272097053725,0.37564991334488734,0.7214038128249567,0.7764298093587522
35,2.351106164360377,2.009176006350195,0.7567433269639569,0.11684194264006986,0.24263431542461006,0.34510398613518195,0.7677642980935875,0.9639298093587522,2.2122760422308274,1.8683079235268631,0.9198578779990793,1.0976017732140924,0.3011265164644714,0.37261698440207974,0.7209705372616985,0.7746967071057193
36,2.3408374488870236,1.9971570522367852,0.7383284808444811,0.11186761707325742,0.24729202772963604,0.3445623916811092,0.7740467937608319,0.9638214904679376,2.2137269229988084,1.869337164549935,0.9179179755199307,1.061519417853661,0.29809358752166376,0.3747833622183709,0.7183708838821491,0.7803292894280762
37,2.335770155776105,1.9885450657360269,0.721985392182084,0.1100773935301465,0.25097487001733104,0.3545277296360485,0.782603986135182,0.9656629116117851,2.2007392341177425,1.8569003787776213,0.9043368599030546,1.0829970229229853,0.3063258232235702,0.3804159445407279,0.7292027729636048,0.7820623916811091
38,2.3413710040484186,1.9872799349409662,0.7136922271040944,0.10935822723230001,0.24436741767764297,0.3496533795493934,0.7808708838821491,0.9675043327556326,2.203996205453856,1.8450555388187826,0.9184453954316508,1.0836039895201472,0.29982668977469673,0.3799826689774697,0.7227036395147314,0.7746967071057193
39,2.3306258547037477,1.9752542108968805,0.6947954465446274,0.10835512052169086,0.255632582322357,0.35680242634315423,0.78921143847487,0.9668544194107452,2.201453038683384,1.8373900732506498,0.9039231536706565,1.1101037195691617,0.304159445407279,0.3925476603119584,0.7300693240901213,0.7803292894280762
40,2.3304077359997835,1.9661023224247183,0.6820684528846674,0.10234430799037993,0.25097487001733104,0.36535961871750433,0.7915944540727903,0.9696707105719238,2.1926453588740253,1.8350855465365035,0.9088244776998483,1.131502729974545,0.3050259965337955,0.3938474870017331,0.7248700173310225,0.7772963604852686
41,2.3302116195705156,1.9619728762727469,0.6637167046346946,0.0950057229714749,0.25,0.3597270363951473,0.79657712305026,0.9690207972270364,2.1959103695028164,1.8307130175612,0.9057954626232128,1.0973878857168002,0.30329289428076256,0.3912478336221837,0.7322357019064125,0.7716637781629117
42,2.3259850672254117,1.9526151395959706,0.6614168322478878,0.09386426241393725,0.254657712305026,0.3688258232235702,0.800259965337955,0.9709705372616985,2.1849978759342505,1.8206366104311091,0.90352298729961,1.110203152925964,0.3037261698440208,0.3925476603119584,0.7287694974003466,0.7777296360485269
43,2.318569877531954,1.9447429795818891,0.6255852287728824,0.08701677504197357,0.2580155979202773,0.37435008665511266,0.8123916811091855,0.974761698440208,2.182719159580806,1.8229121533795494,0.9099937716637782,1.1442377100370993,0.3050259965337955,0.3934142114384749,0.7266031195840554,0.7738301559792028
44,2.3172844369448655,1.943161142967396,0.6164232382947898,0.08334480166641843,0.25433275563258234,0.3708838821490468,0.8114168110918544,0.9761698440207972,2.188474658456997,1.8160472321138432,0.9174738045994909,1.1825246298540404,0.304159445407279,0.39428076256499134,0.7248700173310225,0.7746967071057193
45,2.3178368209759532,1.9370595313853987,0.6028757078808763,0.07827212037825296,0.2564991334488735,0.3686091854419411,0.8169410745233969,0.9758448873483535,2.178499800287045,1.8054592720970537,0.9126307654422119,1.2078020700755525,0.30459272097053725,0.39731369150779894,0.7292027729636048,0.770363951473137
46,2.3160586563718586,1.9336134251110269,0.6019179213604853,0.0832879778830596,0.258340554592721,0.3681759098786828,0.8159662045060658,0.9748700173310225,2.1737735424339255,1.7994198592531412,0.9156049863924394,1.1670821006417895,0.30805892547660313,0.4020797227036395,0.725736568457539,0.7655979202772963
47,2.311450237624567,1.9250283067726386,0.587009793550964,0.07850305170492242,0.25660745233968807,0.37055892547660313,0.825498266897747,0.9754116117850953,2.167330472473462,1.804690884965338,0.9183186707918111,1.2221492456604743,0.3089254766031196,0.3968804159445407,0.7292027729636048,0.7681975736568457
48,2.30558113084922,1.9209629634017549,0.5705919712007149,0.07200837424557585,0.2572573656845754,0.37402512998266896,0.8270147313691508,0.9785528596187175,2.1682630304240686,1.7879424995938042,0.9025088728403922,1.182555623442916,0.30719237435008667,0.41117850953206236,0.7318024263431543,0.7816291161178509
49,2.310928952962522,1.9174220780979203,0.55646481836276,0.06780065077016424,0.2567157712305026,0.38052426343154244,0.8317807625649913,0.9789861351819757,2.1742468029002384,1.7862432469941507,0.9048840607059684,1.1787727131174177,0.3093587521663778,0.4038128249566724,0.725736568457539,0.7677642980935875
50,2.3027392408876732,1.9068927202935442,0.5377499268001246,0.07080269190426303,0.25964038128249567,0.3783578856152513,0.8400129982668978,0.9781195840554593,2.166398126083189,1.7787152956428727,0.9074129471539212,1.2136578485498808,0.3123916811091854,0.3990467937608319,0.7292027729636048,0.7785961871750433
51,2.3011169962494584,1.894583293842071,0.5363093067083243,0.07712703023874161,0.25736568457538994,0.38962305025996535,0.8406629116117851,0.9764948006932409,2.15717049901159,1.7674570067090014,0.9258107626665403,1.2500035965256715,0.3123916811091854,0.41117850953206236,0.7235701906412478,0.7699306759098787
52,2.2997862817509747,1.887127484564558,0.5219064378655762,0.07102212624905221,0.2595320623916811,0.3858318890814558,0.8449956672443674,0.978661178509532,2.1552089115982453,1.7643317316805676,0.9133840260100736,1.2549549545737653,0.30849220103986136,0.4098786828422877,0.7292027729636048,0.7660311958405546
53,2.3029869780383447,1.8933801502247618,0.5105008500494205,0.06459770004298906,0.25812391681109187,0.3886481802426343,0.8456455805892548,0.9811525129982669,2.151849756620992,1.7606881338347595,0.9189910095320624,1.2576356355610918,0.3128249566724437,0.41334488734835356,0.7326689774696707,0.7642980935875217
54,2.291879214281846,1.8933016613409879,0.49640580149209274,0.06268002462139163,0.2635398613518198,0.38572357019064124,0.8543110918544194,0.9805025996533796,2.157822951080481,1.7625017347947356,0.9198153543720212,1.3027301437933276,0.3076256499133449,0.41594454072790293,0.7283362218370883,0.766897746967071
55,2.2955326496831674,1.8779277834569974,0.4890585226657279,0.06395774986756324,0.2585571923743501,0.3935225303292894,0.849761698440208,0.9805025996533796,2.153627709664753,1.7603075367945733,0.94060549413724,1.322827317685767,0.31152512998266896,0.41161178509532065,0.7266031195840554,0.7651646447140381
56,2.287427350181434,1.8722560624729203,0.47427045534553725,0.06288714879926817,0.2582322357019064,0.38799826689774697,0.858102253032929,0.9811525129982669,2.145718949712955,1.7533499521027405,0.9284565361988193,1.3378954908876732,0.31109185441941073,0.41464471403812825,0.7305025996533796,0.7707972270363952
57,2.2901378611758014,1.8738508042677644,0.4601144774121263,0.05828181089933451,0.25964038128249567,0.3903812824956672,0.8630849220103987,0.982344020797227,2.1436513705724654,1.7475348989926343,0.929429925293815,1.359301588564233,0.31022530329289427,0.41854419410745236,0.7313691507798961,0.7712305025996534
58,2.2876854537884532,1.8651203439801776,0.4563149596004387,0.06458542954363897,0.2634315424610052,0.39731369150779894,0.8640597920277296,0.9798526863084922,2.1420815928969885,1.754088826567916,0.928159928611081,1.3246307637497292,0.31325823223570193,0.41984402079722705,0.7348353552859619,0.7712305025996534
59,2.280509538832322,1.8579150221376732,0.4502089581415186,0.05912598952057044,0.2671143847487002,0.40175476603119586,0.8686091854419411,0.9842937608318891,2.147803030559467,1.742642143156954,0.9336382834502275,1.3280486267195624,0.31152512998266896,0.41421143847487,0.7292027729636048,0.766897746967071
60,2.28757078808763,1.8554970990847053,0.42708623347290675,0.05754574621983996,0.26603119584055457,0.4018630849220104,0.874025129982669,0.9829939341421143,2.138885127816291,1.7361667044654463,0.9391332457755632,1.3370983315505849,0.3106585788561525,0.4202772963604853,0.7287694974003466,0.7686308492201039
61,2.2790631008313476,1.8452833892980935,0.43921858392513813,0.06087069453565046,0.264948006932409,0.40608752166377815,0.86763431542461,0.9815857885615251,2.1345978576554376,1.7260259829939342,0.9461565199509857,1.3246577376922661,0.3141247833622184,0.4220103986135182,0.7248700173310225,0.7781629116117851
62,2.276674584664753,1.840898166702773,0.40426400381316346,0.04551204569005057,0.26148180242634317,0.4067374350086655,0.8831239168110918,0.9854852686308492,2.131986568457539,1.735209393955806,0.9439208561254333,1.3549058937323981,0.31325823223570193,0.4237435008665511,0.7326689774696707,0.7746967071057193
63,2.2748746293462956,1.8346833703422878,0.3988531631654842,0.04797736817464052,0.26299826689774697,0.4034878682842288,0.8847487001733102,0.986026863084922,2.1309996395011916,1.7224388717572032,0.9450567235566508,1.3695777086492635,0.3128249566724437,0.42634315424610053,0.7261698440207972,0.7673310225303293
64,2.2750569943538776,1.8308352994340338,0.39782788889866766,0.05898316646159418,0.2650563258232236,0.4035961871750433,0.8859402079722704,0.9807192374350087,2.1276701029706455,1.7187357196774804,0.9430296582200498,1.3700848187689558,0.3188908145580589,0.42287694974003465,0.7287694974003466,0.7608318890814558
65,2.270544200877383,1.8280867075796143,0.3856093276104853,0.04462350551135825,0.2631065857885615,0.40511265164644716,0.8895147313691508,0.9862435008665511,2.1263442543598354,1.708183090236406,0.9499040997007691,1.4074694337629983,0.31109185441941073,0.42980935875216636,0.7318024263431543,0.7638648180242634
66,2.2668628395120236,1.8234842125216637,0.3755974199371073,0.04647588151373111,0.2641897746967071,0.41074523396880414,0.8925476603119584,0.9851603119584056,2.12396970117526,1.7194127127450716,0.9617542286679485,1.3647766642182084,0.31369150779896016,0.43630849220103984,0.7261698440207972,0.762998266897747
67,2.2716900116442806,1.8287749133448874,0.3694391101856992,0.04833789342817442,0.2690641247833622,0.4074956672443674,0.8911395147313691,0.9854852686308492,2.119914089579723,1.6958221488436958,0.9548286953666595,1.3672287542650563,0.3158578856152513,0.43890814558058927,0.7300693240901213,0.7560658578856152
68,2.261785391505091,1.8136688708432627,0.35968141869821,0.04800289755677433,0.26603119584055457,0.41107019064124783,0.8961221837088388,0.9846187175043327,2.12415777831185,1.6982286476386481,0.9618233031168761,1.4649495301668112,0.3119584055459272,0.43370883882149047,0.7283362218370883,0.7586655112651647
69,2.2678286124350087,1.8121841404219021,0.34933082937574467,0.04459296809945197,0.2651646447140381,0.40792894280762565,0.9021880415944541,0.9849436741767764,2.119381803780329,1.7074361764785528,0.9670910496439017,1.440097537776213,0.3145580589254766,0.43154246100519933,0.7270363951473137,0.7664644714038128
70,2.2651549129386916,1.8130938498564775,0.3490029901937554,0.04850349227931718,0.26668110918544197,0.40998700173310226,0.9020797227036396,0.9852686308492201,2.117755751056109,1.6965885261522422,0.9815473903609727,1.4745946715568132,0.3158578856152513,0.4354419410745234,0.7322357019064125,0.7599653379549394
71,2.257035227334272,1.7968587098543112,0.3306172336201527,0.04134842923856897,0.2735051993067591,0.41616117850953205,0.9066291161178509,0.9862435008665511,2.1111112756580375,1.6885491276944324,0.9599212699374459,1.3979330343844778,0.3119584055459272,0.44020797227036396,0.7318024263431543,0.7655979202772963
72,2.253609430851928,1.793798066507799,0.3248543036872427,0.041669220816944456,0.2750216637781629,0.42103552859618715,0.909553726169844,0.9884098786828422,2.1123510192130635,1.6858323756702231,0.95249507910664,1.4205410063163453,0.31629116117850953,0.44280762564991333,0.7309358752166378,0.7538994800693241
73,2.2582081178238735,1.7899614198575606,0.3236405556082106,0.04327895364480374,0.27253032928942805,0.4158362218370884,0.9084705372616985,0.9854852686308492,2.1160129170277298,1.6845801500555135,0.979794612996913,1.4223618003276646,0.30979202772963604,0.4406412478336222,0.7309358752166378,0.7534662045060658
74,2.253809355367201,1.7869320874404246,0.3156972584319487,0.04173601438102524,0.27112218370883884,0.41930242634315423,0.9118284228769498,0.9865684575389948,2.1150367776483967,1.6820245012253574,0.9909682777973353,1.4236241808383883,0.3141247833622184,0.44194107452339687,0.7240034662045061,0.7621317157712305
75,2.257661869042461,1.7888881742850953,0.3004568222283904,0.03727165830403928,0.2701473136915078,0.4136698440207972,0.917894280762565,0.9899263431542461,2.104912557882907,1.6701472925354743,0.9877466370369368,1.5007803402905655,0.31845753899480067,0.44150779896013864,0.725736568457539,0.7560658578856152
76,2.245135170128358,1.787578615819974,0.2996702144629414,0.039772007246364545,0.27133882149046795,0.42818457538994803,0.9152946273830156,0.9865684575389948,2.1033379143197575,1.6681633855069324,0.9996233168259857,1.469365852131174,0.31629116117850953,0.45190641247833624,0.7192374350086655,0.7547660311958405
77,2.251935142371642,1.7799975628249567,0.29191824716339904,0.03797831279153014,0.27263864818024264,0.42504332755632585,0.9213604852686309,0.9888431542461005,2.1097617322898614,1.6780374351779137,0.9976871166526755,1.482736042095429,0.31369150779896016,0.44324090121317156,0.7287694974003466,0.7577989601386482
78,2.240911791188258,1.7723676393928727,0.2835941678316589,0.038604286762416055,0.27263864818024264,0.4292677642980936,0.920818890814558,0.9878682842287695,2.1121381895174394,1.67263429003737,0.9931191059291052,1.5090037962386265,0.3128249566724437,0.44844020797227035,0.7279029462738301,0.7599653379549394
79,2.2416719274669625,1.7740610740833513,0.27924570384430514,0.03672174357872075,0.2701473136915078,0.42309358752166376,0.9230935875216638,0.9888431542461005,2.1017662326012783,1.6685983535528597,1.0064851704668545,1.4614002882297985,0.3145580589254766,0.451473136915078,0.7218370883882149,0.75736568457539
80,2.2346957254657713,1.7613336044126409,0.27436852413818785,0.035490862418295396,0.27567157712305024,0.4276429809358752,0.9239601386481803,0.9883015597920277,2.1010577170439775,1.6653742798486244,1.010277495227199,1.4850397225682408,0.3123916811091854,0.45017331022530327,0.7313691507798961,0.7621317157712305
81,2.239257177818999,1.7621977225953207,0.2626519955216909,0.03272307476922999,0.27469670710571925,0.42991767764298094,0.9298093587521664,0.9893847487001733,2.101056870802643,1.66248288476901,1.0126609339457864,1.501048175672931,0.31152512998266896,0.44844020797227035,0.7287694974003466,0.7634315424610052
82,2.2410852706618285,1.758013588097108,0.25532592561877165,0.032550709293041526,0.27946273830155977,0.43089254766031193,0.9294844020797227,0.9896013864818024,2.0959430344183274,1.6565292596403813,1.0126756373889731,1.5127952747576365,0.317157712305026,0.4558058925476603,0.7222703639514731,0.7538994800693241
83,2.2411603745802644,1.7602125462047769,0.24955876447918923,0.03425715494403806,0.27274696707105717,0.4273180242634315,0.9303509532062392,0.9891681109185442,2.0937114960192806,1.6485604165538346,1.007694343553672,1.4952699340608753,0.3175909878682842,0.46317157712305024,0.7248700173310225,0.7582322357019065
84,2.234174017683059,1.7516678358901105,0.2500924783108346,0.03317574446494699,0.2704722703639515,0.4268847487001733,0.9312175043327556,0.9889514731369151,2.1041156101061524,1.6568089424014298,1.0264812185198224,1.4705002386400563,0.31802426343154244,0.4493067590987868,0.7209705372616985,0.7599653379549394
85,2.2364724091475305,1.7498976047985269,0.24401236654774155,0.028566757149258354,0.2787045060658579,0.43479202772963604,0.9343587521663779,0.9913344887348353,2.090550996195299,1.6560868869827774,1.027098551573332,1.4887159007054267,0.31542461005199307,0.45537261698440207,0.7110051993067591,0.7577989601386482
86,2.2316471410582754,1.74829831445651,0.24429776143779788,0.037268858435249,0.27328856152513,0.42991767764298094,0.9356585788561526,0.9890597920277296,2.0895568741876085,1.6474839975763649,1.0357373004562933,1.5626996071747725,0.3175909878682842,0.4584055459272097,0.7231369150779896,0.755632582322357
87,2.2268098140300046,1.7443824384613302,0.23107627194303781,0.03471048576579763,0.27805459272097055,0.4395580589254766,0.9405329289428076,0.9889514731369151,2.088264663669844,1.6478622674528813,1.0346204734551019,1.5104143747630525,0.31629116117850953,0.45753899480069327,0.7231369150779896,0.7534662045060658
88,2.2349028430323874,1.7444599753236028,0.23424348880761212,0.03308926917857893,0.27274696707105717,0.43825823223570193,0.9389081455805892,0.9891681109185442,2.0940717832674394,1.6399171191237,1.0418108802940858,1.5405988511427644,0.3145580589254766,0.4649046793760832,0.7240034662045061,0.7543327556325823
89,2.2302502081753683,1.7345276407807084,0.2306489994042461,0.033273815902101725,0.27957105719237435,0.433817157712305,0.9389081455805892,0.9899263431542461,2.0918973661584706,1.6393990078666594,1.0343216444838605,1.51102546678672,0.3141247833622184,0.4649046793760832,0.7131715771230502,0.7525996533795494
90,2.2257826886102685,1.7266384501597705,0.22153340675182112,0.030264720553128722,0.27567157712305024,0.4444324090121317,0.9417244367417678,0.9905762564991335,2.086228607019064,1.6460635814964255,1.0468628352808167,1.5617875705765274,0.3175909878682842,0.46360485268630847,0.7166377816291161,0.7491334488734835
91,2.2283810726278164,1.7323975455616334,0.21625394507132123,0.031131440266786044,0.27588821490467935,0.44042461005199307,0.9439991334488734,0.9911178509532063,2.0845249116524047,1.6375061775617417,1.05791506444974,1.5943151834312717,0.317157712305026,0.462738301559792,0.720103986135182,0.7551993067590987
92,2.22838128418815,1.7318343719535312,0.21964561422734782,0.031355386796815765,0.28108752166377815,0.44042461005199307,0.9423743500866552,0.9909012131715771,2.082078216394064,1.6283344024182191,1.0449533974897096,1.5498060626421686,0.3188908145580589,0.46577123050259966,0.7231369150779896,0.7525996533795494
93,2.227998783104961,1.729416131560063,0.20628585683204478,0.025012669158353755,0.27751299826689774,0.4408578856152513,0.9451906412478336,0.9920927209705372,2.0780285284878683,1.6305247923323765,1.053545179978607,1.541185296387565,0.32365684575389947,0.46577123050259966,0.7240034662045061,0.7547660311958405
94,2.221275395702448,1.713842540721133,0.20483933949594482,0.025933637569434103,0.27924610051993065,0.44638214904679374,0.9480069324090121,0.9920927209705372,2.0790600966746102,1.6297443462616443,1.0526871970456022,1.5454769035352578,0.32365684575389947,0.46577123050259966,0.7214038128249567,0.7521663778162911
95,2.2224565370450606,1.7163639167772422,0.20221243450092072,0.02784294644096282,0.27339688041594457,0.43890814558058927,0.9486568457538995,0.9912261698440208,2.0737909750054158,1.6163415760060118,1.0607720809751409,1.5794427035379657,0.32322357019064124,0.4744367417677643,0.7283362218370883,0.7525996533795494
96,2.216786085422985,1.7087874123293978,0.1891914909799136,0.025863968107068147,0.28607019064124783,0.44183275563258234,0.9526646447140381,0.9924176776429809,2.0748555466042027,1.624721163480286,1.0692365041431975,1.582954605076094,0.3188908145580589,0.4696707105719237,0.7192374350086655,0.7465337954939342
97,2.2219864499837523,1.713362087203477,0.19748499984344536,0.0314434752307277,0.27935441941074524,0.44226603119584057,0.9483318890814558,0.9904679376083189,2.075826608535529,1.6171590451351279,1.049414464464634,1.5655115613491117,0.31542461005199307,0.47400346620450606,0.7209705372616985,0.7512998266897747
98,2.221390272963605,1.7169163008083297,0.1940441164648099,0.02810134755470104,0.27794627383015597,0.44183275563258234,0.9498483535528596,0.9909012131715771,2.079103254982669,1.610575604893306,1.0738030339444324,1.5776592499255309,0.3214904679376083,0.47097053726169846,0.7231369150779896,0.7461005199306759
99,2.2139689480204723,1.7048512265421902,0.1919669377741822,0.02527451639158887,0.2787045060658579,0.4516897746967071,0.9503899480069324,0.9918760831889082,2.074780231125433,1.6103905953815534,1.0735435551952448,1.5108823462210248,0.3197573656845754,0.4714038128249567,0.7235701906412478,0.7564991334488734
100,2.214244188014515,1.704441434175964,0.18248779191094833,0.026337096348172457,0.27794627383015597,0.44519064124783364,0.9553726169844021,0.9924176776429809,2.076829192956564,1.6186085507609402,1.0604512497292027,1.552481243060821,0.3210571923743501,0.47227036395147315,0.7209705372616985,0.7590987868284229
101,2.211188410555676,1.6965143742553077,0.1820201906835599,0.02725561198163487,0.28130415944540726,0.45385615251299827,0.9535311958405546,0.990684575389948,2.0719070302345104,1.6112113436958406,1.0715043251394605,1.556913326270039,0.3210571923743501,0.4783362218370884,0.7131715771230502,0.7504332755632582
102,2.211067398044844,1.6960593079776862,0.18329666640151104,0.027955688265002165,0.27902946273830154,0.45028162911611785,0.9509315424610052,0.9913344887348353,2.0730930374647962,1.6156733626922661,1.0694857222162044,1.5890448981802425,0.32322357019064124,0.47227036395147315,0.7222703639514731,0.7512998266897747
103,2.214469711330156,1.6980029127626732,0.17488796293632203,0.021604580937059956,0.28282062391681106,0.4459488734835355,0.9572140381282496,0.9933925476603119,2.072681764176235,1.5983963938271772,1.0563464503560984,1.5795818044573224,0.32062391681109187,0.4896013864818024,0.7179376083188909,0.7564991334488734
104,2.2102378699767113,1.6885565323061091,0.1764430371686119,0.02329002757212938,0.2852036395147314,0.45179809358752165,0.9568890814558059,0.9924176776429809,2.0717159912532495,1.6062479267087304,1.0784409653582647,1.5601010115968912,0.3223570190641248,0.4783362218370884,0.7140381282495667,0.7512998266897747
105,2.2062002410095323,1.6906011571504007,0.17178872305144471,0.025394932236167338,0.2869367417677643,0.44876516464471405,0.9565641247833622,0.99263431542461,2.0669110329560225,1.5973973001516464,1.0896068024263432,1.620925771095104,0.32712305025996535,0.48180242634315423,0.7166377816291161,0.7551993067590987
106,2.210367133340555,1.6966339058438042,0.16912168770563665,0.027574021853442002,0.27957105719237435,0.4510398613518198,0.9566724436741768,0.9918760831889082,2.069246870599545,1.602103882893739,1.086730428130416,1.5976695783010182,0.32062391681109187,0.48050259965337955,0.7179376083188909,0.7478336221837089
107,2.206141850357452,1.683211883597812,0.15737919005818757,0.02073382009046743,0.28596187175043325,0.4470320623916811,0.9615467937608319,0.9937175043327556,2.0657072546577124,1.6054675864181651,1.094331790917461,1.5728713222351602,0.3193240901213172,0.47920277296360486,0.7092720970537262,0.7538994800693241
108,2.2058393190803725,1.6866175818484619,0.16317426393928727,0.02717252496623497,0.2785961871750433,0.45396447140381285,0.9575389948006933,0.9917677642980935,2.067056586465555,1.59822016406927,1.091785662302318,1.583925032326419,0.3210571923743501,0.48440207972270366,0.712738301559792,0.7417677642980935
109,2.2122390191724435,1.6820625820854094,0.16611146183113085,0.025249739040328477,0.27783795493934144,0.4565641247833622,0.9594887348353552,0.991659445407279,2.0634039973055676,1.605172036632095,1.101984245525076,1.5967164989980502,0.32192374350086655,0.475736568457539,0.7131715771230502,0.7435008665511266
110,2.2091542579478984,1.6868374988152621,0.16015729457914726,0.01862960465032885,0.28282062391681106,0.45645580589254764,0.9611135181975736,0.9944757365684576,2.068703583662803,1.5897294016396772,1.0970400805283254,1.589826402052643,0.32495667244367415,0.48353552859618715,0.7131715771230502,0.7409012131715771
111,2.2074581787532495,1.6860804301613952,0.1573910903269538,0.018713817232816222,0.2836871750433276,0.4542894280762565,0.9630632582322357,0.9952339688041595,2.0619749072519498,1.5855280249742743,1.0972695177101386,1.5944441294546143,0.32062391681109187,0.4896013864818024,0.7214038128249567,0.74263431542461
112,2.2012672887104636,1.6780779489818025,0.15220605066785367,0.021961623709164626,0.2804376083188908,0.4511481802426343,0.962738301559792,0.9930675909878682,2.060043572966313,1.5883762617458297,1.1181650145215014,1.6173669031629117,0.32582322357019067,0.4883015597920277,0.7140381282495667,0.7396013864818024
113,2.197783947817374,1.6714903833134749,0.15108367020790456,0.022382354405765102,0.2843370883882149,0.46165511265164644,0.9632798960138648,0.99263431542461,2.0556608890949954,1.5967320486825716,1.1020250766694648,1.6091713731788886,0.322790294627383,0.4809358752166378,0.7118717504332756,0.7530329289428076
114,2.201768263580481,1.6703559968045927,0.14650472445959029,0.0188399468592176,0.2833622183708839,0.45862218370883884,0.9650129982668978,0.9946923743500866,2.0639001062879117,1.6048899209272096,1.0948744431732018,1.6277289167433926,0.32062391681109187,0.48050259965337955,0.708838821490468,0.75
115,2.1964035166404896,1.6636131458513865,0.14567535506170792,0.01810335162607388,0.2889948006932409,0.46338821490467935,0.9657712305025996,0.994367417677643,2.0596177020147315,1.5871690984821816,1.102370025793436,1.6159442656994691,0.3245233968804159,0.481369150779896,0.7140381282495667,0.7409012131715771
116,2.200536770878466,1.666305779997563,0.1441612045314531,0.016798682188037362,0.2818457538994801,0.4592720970537262,0.9632798960138648,0.9946923743500866,2.0619983904489816,1.595294390435442,1.1118027606084813,1.6380492529381498,0.3214904679376083,0.4878682842287695,0.7092720970537262,0.7409012131715771
117,2.199046328328098,1.6607949506472053,0.1444781086886983,0.02386119254127119,0.287261698440208,0.464471403812825,0.9659878682842288,0.9930675909878682,2.0588632778650346,1.5874788228106045,1.1165587426884749,1.6699838621777514,0.3193240901213172,0.48700173310225303,0.7079722703639515,0.7344020797227037
118,2.1939508976928077,1.6658868905369908,0.14693148132006878,0.016478508762511678,0.2867201039861352,0.4599220103986135,0.9652296360485269,0.9959922010398613,2.055570552832539,1.581771453910312,1.1211250609293761,1.6841063606883666,0.32365684575389947,0.48873483535528595,0.7149046793760832,0.7439341421143848
119,2.1949329607614816,1.654504627247617,0.14217430921319865,0.018318784505490415,0.28303726169844023,0.46652946273830154,0.9646880415944541,0.994367417677643,2.0562993781818673,1.5863834691832757,1.1265821539549934,1.690883272855286,0.322790294627383,0.48180242634315423,0.7140381282495667,0.744367417677643
120,2.1943272635263216,1.659936227253033,0.13569658302558357,0.015375846386782218,0.2840121317157712,0.46089688041594457,0.9685875216637782,0.9956672443674177,2.0513812351061524,1.5767522907752924,1.1333096667840121,1.6562575103918435,0.32712305025996535,0.4896013864818024,0.7166377816291161,0.7448006932409013
121,2.19962409959922,1.6644633010520473,0.141214354199388,0.02106470706351295,0.2804376083188908,0.4649046793760832,0.9646880415944541,0.9931759098786829,2.0549487770120236,1.5892890388052425,1.124069980773397,1.6597881350194974,0.32192374350086655,0.4861351819757366,0.7140381282495667,0.7448006932409013
122,2.190247745613085,1.652615393468371,0.1287289888854663,0.01725654007037343,0.28455372616984403,0.4578639514731369,0.9696707105719238,0.9954506065857885,2.0535717308004764,1.583783392683059,1.1341471283646556,1.6648566974924177,0.3214904679376083,0.49003466204506063,0.7153379549393414,0.7508665511265165
123,2.1891499590419192,1.6476531400630958,0.1295106778731586,0.017651792622108392,0.29137781629116116,0.4651213171577123,0.9707538994800693,0.9944757365684576,2.050891472933817,1.572895016992526,1.143302190241822,1.6605942856707647,0.3223570190641248,0.48570190641247835,0.708838821490468,0.7435008665511266
124,2.1911877081753683,1.6474116439422661,0.12780370332132798,0.016387451872668605,0.2837954939341421,0.46858752166377815,0.9706455805892548,0.9946923743500866,2.051050143184034,1.5752239789252058,1.1298819662586654,1.6849911060035745,0.32322357019064124,0.4913344887348354,0.7153379549393414,0.7465337954939342
125,2.1982237817509747,1.6483929665497725,0.12868243238954857,0.019788778427362028,0.28119584055459274,0.471078856152513,0.9696707105719238,0.9940424610051993,2.048605775089363,1.5751165062757257,1.1358937704790404,1.721741780457918,0.3262564991334489,0.49220103986135183,0.7149046793760832,0.7525996533795494
126,2.1913584373646016,1.6385338318823115,0.13215872567902404,0.018831084464616957,0.28942807625649913,0.471078856152513,0.9688041594454073,0.9952339688041595,2.046288766315533,1.5815624323006932,1.1178455584177318,1.6288847766261374,0.3253899480069324,0.48570190641247835,0.7162045060658578,0.7404679376083189
127,2.189188886143306,1.640569571192591,0.12126843272296767,0.013996248228711107,0.28910311958405543,0.46544627383015597,0.9745450606585788,0.9964254766031195,2.0455929443782495,1.567702480164103,1.1377729551424394,1.6757203206239168,0.3245233968804159,0.4948006932409012,0.712738301559792,0.7422010398613518
128,2.1806285203639515,1.6399713843492743,0.12218472697292705,0.01564477758556346,0.28986135181975736,0.4699956672443674,0.9721620450606586,0.9951256499133448,2.046774931962197,1.5691437349369042,1.1342660252721513,1.6515309351982235,0.3262564991334489,0.4917677642980936,0.7153379549393414,0.7439341421143848
129,2.1834742184115035,1.6353019304457321,0.11282554904137782,0.013698424169054478,0.2854202772963605,0.47021230502599654,0.9753032928942807,0.9957755632582322,2.0483601535420277,1.5642563738897313,1.1484981120355828,1.6847302521122183,0.32582322357019067,0.49740034662045063,0.7149046793760832,0.744367417677643
130,2.184529481355611,1.6315855558451582,0.11538166065976359,0.013304726089927105,0.28607019064124783,0.47248700173310226,0.9729202772963604,0.9961005199306759,2.0454945688231154,1.566706983014244,1.1464729507419844,1.6845027189734076,0.32365684575389947,0.4965337954939341,0.7144714038128249,0.7461005199306759
131,2.180115909675585,1.6293511613816074,0.12721477224260724,0.015677404155764258,0.28617850953206236,0.47097053726169846,0.9703206239168111,0.9958838821490468,2.0470918493419625,1.569832681163345,1.1469500192943025,1.646043060144064,0.3297227036395147,0.4904679376083189,0.7105719237435009,0.7495667244367418
132,2.1889574391383233,1.6373684517845537,0.12437737793814992,0.019498206920392384,0.2853119584055459,0.4632798960138648,0.971078856152513,0.9942590987868284,2.045742729094454,1.5784651890164645,1.1353413864479527,1.662729775678347,0.3266897746967071,0.48700173310225303,0.7097053726169844,0.7430675909878682
133,2.1851366595131068,1.6238190702177209,0.11923843198673771,0.016058931730855482,0.2848786828422877,0.4696707105719237,0.9722703639514731,0.9954506065857885,2.0437128076933493,1.5609877667352687,1.1452566903839905,1.6680718856626409,0.3275563258232236,0.49393414211438474,0.7144714038128249,0.7435008665511266
134,2.182193220591421,1.6294495369367417,0.11038927974072858,0.011234127256238067,0.28292894280762565,0.47097053726169846,0.9753032928942807,0.996317157712305,2.043342153988843,1.561724525597108,1.1431177096309033,1.6893369783768415,0.3262564991334489,0.4935008665511265,0.7131715771230502,0.7504332755632582
135,2.1910212101928077,1.632052575281629,0.11341942534289699,0.014605826273741301,0.2876949740034662,0.4695623916811092,0.9748700173310225,0.9948006932409013,2.0424231358995883,1.5819672529990794,1.16250245409987,1.7155225413304267,0.3297227036395147,0.4865684575389948,0.7092720970537262,0.7474003466204506
136,2.188163453206239,1.6291536698101712,0.11336512044976034,0.012406220262550605,0.2871533795493934,0.4762781629116118,0.9735701906412478,0.9968587521663779,2.0421057953991553,1.5613768261888,1.151771479297552,1.6882063999539645,0.3297227036395147,0.49220103986135183,0.712738301559792,0.7348353552859619
137,2.1889781720510184,1.6283405376678943,0.11079364426214526,0.014822829327508936,0.2858535528596187,0.47866117850953205,0.974978336221837,0.9950173310225303,2.0406210649777945,1.563414998442916,1.145520188779517,1.673280501076419,0.3297227036395147,0.4930675909878683,0.7110051993067591,0.7478336221837089
138,2.183512722392223,1.622413040240468,0.1083641382809115,0.012235528261657398,0.28466204506065856,0.48017764298093585,0.97671143847487,0.996317157712305,2.0469384681000866,1.5571956535352578,1.16501949316914,1.6681937444148072,0.3279896013864818,0.4913344887348354,0.7075389948006933,0.7417677642980935
139,2.1908657133475953,1.629493118365468,0.11151191803983428,0.012716528861113604,0.2887781629116118,0.47346187175043325,0.9741117850953206,0.9962088388214905,2.0419431055026,1.5669216109727035,1.1550599731233753,1.6865524212657061,0.3297227036395147,0.49003466204506063,0.7140381282495667,0.7391681109185442
140,2.1787174958703424,1.6217938031439558,0.1077820630792522,0.013301223774716594,0.2888864818024263,0.4731369150779896,0.9751949740034662,0.9962088388214905,2.0395914008340554,1.555607046990089,1.1607709385493392,1.716706750297877,0.3292894280762565,0.49956672443674177,0.7157712305025996,0.7469670710571924
141,2.1834718912478337,1.6208528885601712,0.11004547436481125,0.016297257752311084,0.2874783362218371,0.4746533795493934,0.9759532062391681,0.995342287694974,2.0392615782739383,1.5665571982980395,1.1619074406615577,1.6959679139135615,0.3275563258232236,0.4935008665511265,0.7214038128249567,0.7435008665511266
142,2.1805517239628465,1.6154294336275996,0.10576122554997225,0.014092091671102381,0.2907279029462738,0.47725303292894283,0.9769280762564991,0.995342287694974,2.041613071382149,1.5623951718546902,1.152512786706564,1.671250685455481,0.3266897746967071,0.4935008665511265,0.7157712305025996,0.738734835355286
143,2.1803238734835357,1.6228064366808383,0.10597972770704141,0.01369713827890168,0.2873700173310225,0.4733535528596187,0.9763864818024264,0.9956672443674177,2.038524290511265,1.563488938779517,1.1542646120491227,1.7075423797660312,0.33188908145580587,0.4896013864818024,0.7149046793760832,0.7430675909878682
144,2.1803795138512783,1.6212340145011914,0.10522361768593615,0.012610175993868135,0.2870450606585789,0.47357019064124783,0.9774696707105719,0.9966421143847487,2.0383374827366767,1.5597772185062826,1.1553167015882257,1.7043870631702231,0.3344887348353553,0.4904679376083189,0.7153379549393414,0.7448006932409013
145,2.1765777746560877,1.6003730020242093,0.10382677736067483,0.011720416037627275,0.29018630849220106,0.4867850953206239,0.9761698440207972,0.9965337954939342,2.035397005659662,1.5470500661760724,1.1778832076947032,1.6930610749295927,0.3310225303292894,0.4982668977469671,0.7144714038128249,0.7482668977469671
146,2.179710348516031,1.6174993399317592,0.10385239599482439,0.012033406328700444,0.2889948006932409,0.47508665511265163,0.9770363951473137,0.996317157712305,2.0424275786665946,1.5567255664739492,1.16373278322005,1.702206616591746,0.32712305025996535,0.494367417677643,0.7179376083188909,0.7448006932409013
147,2.181411716719021,1.61640864063177,0.10265779412598502,0.012772356823370816,0.2873700173310225,0.4798526863084922,0.97671143847487,0.996317157712305,2.0376875693917893,1.554765988883774,1.1662394558329723,1.6937666286422226,0.3305892547660312,0.49523396880415943,0.7123050259965338,0.7430675909878682
148,2.1750232293246317,1.6133714804822898,0.09825115104688516,0.0113878167481315,0.2923526863084922,0.47996100519930673,0.9798526863084922,0.9969670710571924,2.036514678902188,1.5480280038182408,1.1673408389298094,1.682476605658308,0.3310225303292894,0.49956672443674177,0.7196707105719238,0.75
149,2.1833919214417246,1.6124654733535528,0.10444423602813245,0.012739150115067665,0.288236568457539,0.47876949740034663,0.9758448873483535,0.9965337954939342,2.0393478948900565,1.5501172678929267,1.1556000866551126,1.6805302505889839,0.3310225303292894,0.4965337954939341,0.7123050259965338,0.7439341421143848
150,2.1813630578422876,1.6100432133137457,0.0993862581831537,0.011308284111617963,0.28996967071057195,0.4775779896013865,0.9781195840554593,0.996317157712305,2.0374417362841206,1.5532008655356369,1.1571372840392113,1.6862268299122618,0.3310225303292894,0.49523396880415943,0.7123050259965338,0.7461005199306759
151,2.177238900698657,1.6088085472067266,0.10145025402049258,0.009809960112414699,0.2915944540727903,0.48017764298093585,0.9774696707105719,0.9972920277296361,2.0341134691155762,1.5500164593939558,1.1794886332863952,1.7122302394185984,0.33015597920277295,0.49913344887348354,0.7118717504332756,0.7435008665511266
152,2.1673118551641033,1.602117422755091,0.09939510404960328,0.012282624401707376,0.2910528596187175,0.47876949740034663,0.9773613518197574,0.9964254766031195,2.0369289140354203,1.5442582102334272,1.1565552815614168,1.6987293051681651,0.3310225303292894,0.49956672443674177,0.7131715771230502,0.7383015597920277
153,2.175460312973895,1.6080505265313583,0.10106982887307733,0.010576384526191593,0.2922443674176776,0.4785528596187175,0.9773613518197574,0.9970753899480069,2.038751083188908,1.555710076872563,1.1820062012564991,1.707884684385832,0.3297227036395147,0.494367417677643,0.7162045060658578,0.7452339688041595
154,2.1743967991767765,1.6034028633421793,0.09875992059294438,0.012897555088459722,0.2934358752166378,0.479419410745234,0.978661178509532,0.9959922010398613,2.04053961424935,1.5429295055581131,1.1679511904923094,1.6641444796292786,0.32885615251299827,0.4961005199306759,0.7118717504332756,0.7456672443674177
155,2.176023275021664,1.6057904274872725,0.09425299130444717,0.010863644618095516,0.2837954939341421,0.47898613518197575,0.9798526863084922,0.9967504332755632,2.034833197370559,1.5607566370707864,1.169136880382095,1.6874134718235485,0.3292894280762565,0.4904679376083189,0.7157712305025996,0.7439341421143848
156,2.1725297792325606,1.5994953439801776,0.09716332764518117,0.012652378148387995,0.2920277296360485,0.47844454072790293,0.9771447140381283,0.9961005199306759,2.033384009085247,1.5395303656778054,1.1802018031710355,1.7136987854744368,0.3305892547660312,0.49956672443674177,0.7136048526863085,0.7456672443674177
157,2.178251640015706,1.611413806935117,0.10019911265249269,0.012798559727660499,0.2949523396880416,0.47876949740034663,0.978661178509532,0.9951256499133448,2.0348194459488735,1.5347560836289535,1.1679241107696057,1.716948563759207,0.3362218370883882,0.5021663778162911,0.7123050259965338,0.7422010398613518
158,2.1776569439178943,1.6100588687784336,0.09763037352669383,0.00864333461847421,0.28466204506065856,0.47887781629116116,0.9775779896013865,0.9975086655112652,2.0378422199956674,1.5445059473840987,1.166884185949686,1.6787970425557843,0.3292894280762565,0.49393414211438474,0.7123050259965338,0.74263431542461
159,2.1686927094616553,1.5906592093059466,0.0914042652996202,0.009626505073269691,0.29267764298093585,0.4827772963604853,0.9789861351819757,0.9978336221837089,2.0339461248916813,1.539701412207539,1.1746097346525672,1.7141782869705915,0.3297227036395147,0.5,0.7123050259965338,0.7335355285961872
160,2.1737504823575606,1.6017809360444648,0.09328823651556746,0.009406187298806122,0.29430242634315423,0.47898613518197575,0.9806109185441941,0.9967504332755632,2.039147547254116,1.5383502821368609,1.1926598507568782,1.715609175287045,0.3279896013864818,0.5008665511265165,0.7153379549393414,0.738734835355286
161,2.17970209766302,1.6003386234699957,0.09573178481394538,0.010825610863274058,0.2910528596187175,0.47898613518197575,0.9776863084922011,0.9971837088388215,2.0355800053482453,1.5444429024046793,1.1906335258814449,1.7481049483115794,0.32885615251299827,0.49566724436741766,0.7079722703639515,0.7357019064124783
162,2.174172545223137,1.5985907119936091,0.09301794835558384,0.01333666508904363,0.28758665511265163,0.4781195840554593,0.9801776429809359,0.995342287694974,2.0325481342071057,1.5383058544668002,1.1800063214227687,1.7190567624837523,0.3310225303292894,0.5012998266897747,0.7140381282495667,0.7361351819757366
163,2.1753532634450825,1.6022964027973354,0.08979178549305405,0.00915694856561036,0.28801993067590986,0.48407712305025996,0.9820190641247833,0.9967504332755632,2.0332407827393846,1.5495038487055892,1.1899636200850303,1.7321718106856585,0.3331889081455806,0.49783362218370886,0.7101386481802426,0.7361351819757366
164,2.172430345875758,1.5952551459935551,0.09029798987006811,0.009493715428396983,0.2902946273830156,0.4797443674176776,0.9819107452339688,0.9969670710571924,2.031939475127275,1.544828365332539,1.1637445248185658,1.7132971381810551,0.3305892547660312,0.49740034662045063,0.7149046793760832,0.7400346620450606
165,2.162072986622617,1.593804899906575,0.09011335720015977,0.01030547738695062,0.29646880415944543,0.4795277296360485,0.9805025996533796,0.9967504332755632,2.0305070001083187,1.5485241128005849,1.197528277154192,1.6986530376678943,0.33188908145580587,0.49913344887348354,0.7114384748700173,0.7400346620450606
166,2.168748349829398,1.5934087531818675,0.09410276363379413,0.012435261050378016,0.29148613518197575,0.4852686308492201,0.9789861351819757,0.9965337954939342,2.0312368832593153,1.5449981425002708,1.1653091192658687,1.6820825745369368,0.3292894280762565,0.5025996533795494,0.7123050259965338,0.7374350086655113
167,2.172548608102253,1.5973576325890924,0.09471558119643292,0.012169320620531845,0.2905112651646447,0.48082755632582325,0.9775779896013865,0.9962088388214905,2.035863496195299,1.5435188068674177,1.1988688292081888,1.7585616351413562,0.33535528596187175,0.4948006932409012,0.7092720970537262,0.7344020797227037
168,2.1787437293517113,1.5985720946842505,0.09084423204022016,0.010469216821098658,0.2904029462738302,0.486026863084922,0.979636048526863,0.9966421143847487,2.0498180158010184,1.5405231125433276,1.1702405906426019,1.7131343425043328,0.32495667244367415,0.494367417677643,0.708838821490468,0.7348353552859619
169,2.177056747251408,1.5970275984686417,0.09173790255700282,0.011621257874540068,0.29018630849220106,0.48396880415944543,0.9806109185441941,0.9965337954939342,2.0312406913453205,1.5401709703680135,1.1772587873700173,1.6986307180526972,0.3297227036395147,0.4982668977469671,0.7110051993067591,0.7417677642980935
170,2.180716741023072,1.597904410271339,0.09186340411366375,0.008981660085906189,0.2908362218370884,0.481369150779896,0.9798526863084922,0.9975086655112652,2.0344234050043326,1.5401261195772855,1.1841773391802968,1.737070595990847,0.3327556325823224,0.5025996533795494,0.707105719237435,0.7448006932409013
171,2.168019736040403,1.589749711431705,0.0890937553947885,0.008819163568718182,0.28975303292894283,0.48440207972270366,0.9800693240901213,0.9970753899480069,2.030199602943566,1.5430760110891464,1.199133068064883,1.7202535592910528,0.3344887348353553,0.49913344887348354,0.707105719237435,0.7439341421143848
172,2.165211484171902,1.5864506395892006,0.08652381963085261,0.013725935276500893,0.2940857885615251,0.489709705372617,0.9816941074523396,0.9958838821490468,2.030521597771339,1.533666759471133,1.1928325897692809,1.7191450889230395,0.3379549393414211,0.5060658578856152,0.7045060658578857,0.738734835355286
173,2.1703834996479636,1.5876579086330156,0.08731498916599531,0.009530464119473198,0.2907279029462738,0.485051993067591,0.982344020797227,0.9970753899480069,2.03042237597487,1.5566299412031521,1.1842078038683383,1.6998889731369151,0.3349220103986135,0.4935008665511265,0.707105719237435,0.7378682842287695
174,2.176660917867201,1.5996615246222379,0.08986453580277838,0.009138418855452248,0.2952772963604853,0.4796360485268631,0.9810441941074524,0.9968587521663779,2.032864840026538,1.5384529946788346,1.1881280168503574,1.7168320997955482,0.33405545927209707,0.4987001733102253,0.7097053726169844,0.7339688041594454
175,2.164682371777513,1.5877776517818458,0.08150926454434981,0.010637470093302338,0.29278596187175043,0.4848353552859619,0.98407712305026,0.9974003466204506,2.0317351078449954,1.5422143258503034,1.1819808140164645,1.6949408942739925,0.3331889081455806,0.49956672443674177,0.712738301559792,0.7413344887348353
176,2.175731321761265,1.5896228810116984,0.0897686394703037,0.008801237136073914,0.28791161178509533,0.4849436741767764,0.9810441941074524,0.9978336221837089,2.0316820062012564,1.5423690822343479,1.1726232889000217,1.676345058289103,0.3327556325823224,0.4948006932409012,0.7118717504332756,0.7435008665511266
177,2.170057908294519,1.5905373505537803,0.08473155981953057,0.009021752421942699,0.2910528596187175,0.4862435008665511,0.9808275563258232,0.9977253032928943,2.0324233136102685,1.5451937300287044,1.1696406055364492,1.7052436709610594,0.33362218370883884,0.49783362218370886,0.7092720970537262,0.733102253032929
178,2.1641574905897962,1.5888138742959272,0.088545285229873,0.007736985357010178,0.29646880415944543,0.4816941074523397,0.9811525129982669,0.9978336221837089,2.029239753709922,1.5383674185238843,1.1814565675097486,1.6990369138932517,0.3344887348353553,0.5021663778162911,0.7131715771230502,0.7391681109185442
179,2.1730660846782928,1.6015890508218695,0.08704738517774453,0.009719773429725157,0.29321923743500866,0.4858102253032929,0.980394280762565,0.9977253032928943,2.0318499851061524,1.5307835094643631,1.18552000683763,1.7090762979649587,0.3297227036395147,0.5012998266897747,0.7110051993067591,0.7435008665511266
180,2.1636438220997616,1.5865067030776105,0.08520215594789185,0.007747857574780231,0.2967937608318891,0.4862435008665511,0.9811525129982669,0.9978336221837089,2.032406388783579,1.5393044192414969,1.1816519434778487,1.7324102391816507,0.33145580589254764,0.494367417677643,0.7092720970537262,0.7400346620450606
181,2.164381744543436,1.5894686535284879,0.08590304211066128,0.008715801470407786,0.29018630849220106,0.4884098786828423,0.9807192374350087,0.9974003466204506,2.0308220134450825,1.5425546206469345,1.194827603715338,1.7151062963740251,0.3331889081455806,0.4969670710571924,0.7092720970537262,0.7383015597920277
182,2.1698383086682194,1.5838974237028813,0.08635678613619746,0.008613291398284753,0.2937608318890815,0.491659445407279,0.9802859618717504,0.9971837088388215,2.032328957701473,1.5536899930269714,1.1902366386955698,1.7280208911598245,0.33015597920277295,0.4961005199306759,0.708838821490468,0.738734835355286
183,2.1658700714904677,1.5787685665348787,0.0846919914258828,0.010341019522999147,0.2885615251299827,0.4849436741767764,0.9818024263431543,0.9972920277296361,2.0368626956509965,1.5331804880443025,1.1805284523261481,1.69995614354284,0.33232235701906415,0.5,0.7045060658578857,0.7378682842287695
184,2.1714368585490686,1.5869878970564342,0.08110061592617729,0.006309737779032213,0.2902946273830156,0.48516031195840553,0.9834272097053726,0.9988084922010398,2.0317966719020797,1.5485062359523938,1.176192840629062,1.6941122124471946,0.3344887348353553,0.4969670710571924,0.707105719237435,0.7352686308492201
185,2.1732689710382367,1.5876479652973354,0.08384292047193187,0.00899262981976752,0.28921143847487,0.4886265164644714,0.9827772963604853,0.9978336221837089,2.0329376167813042,1.5339278249228228,1.183149155958893,1.7033269343384423,0.33535528596187175,0.5051993067590987,0.7131715771230502,0.7435008665511266
186,2.1595332048174827,1.5813913857709596,0.08893724041547064,0.01161103521310684,0.2962521663778163,0.4864601386481802,0.9811525129982669,0.9967504332755632,2.0338720787749134,1.5336296306325823,1.1981974424894388,1.7202361055635291,0.32885615251299827,0.5008665511265165,0.707105719237435,0.7365684575389948
187,2.170331244245559,1.5842164566859835,0.08618173318264596,0.007089802462678641,0.28942807625649913,0.4891681109185442,0.9821273830155979,0.9980502599653379,2.037130319473029,1.5371307425936958,1.1762082845334163,1.682468777925964,0.32885615251299827,0.49783362218370886,0.7045060658578857,0.7383015597920277
188,2.167825735214471,1.58551025390625,0.0819547511056143,0.006100884343350574,0.291919410745234,0.48516031195840553,0.9836438474870017,0.9980502599653379,2.0322202156899913,1.5380711282766464,1.1968561499742743,1.7021665259085248,0.3349220103986135,0.49783362218370886,0.708838821490468,0.74263431542461
189,2.1710141610024913,1.5882636058681758,0.08507648249845984,0.008445250512822248,0.2871533795493934,0.48061091854419413,0.9822357019064125,0.9970753899480069,2.0270951666079937,1.5376983589688042,1.1800814253412044,1.7044602630456565,0.3344887348353553,0.4987001733102253,0.7084055459272097,0.7435008665511266
190,2.162852798012348,1.5772061934710788,0.08465900123635858,0.008056078667863816,0.2867201039861352,0.49090121317157714,0.9826689774696707,0.9980502599653379,2.0351896765327124,1.5366235266938366,1.1705997143089255,1.6921506250338496,0.3349220103986135,0.5008665511265165,0.7092720970537262,0.7365684575389948
191,2.164139296401105,1.5752718973407713,0.08328139306767561,0.008093379399185578,0.28986135181975736,0.48667677642980933,0.9826689774696707,0.9972920277296361,2.0284197458568025,1.5397866710219887,1.1818642442726386,1.6938156048594561,0.33362218370883884,0.49913344887348354,0.707105719237435,0.7383015597920277
192,2.1732232740061743,1.5898989672470754,0.08562679720503412,0.008594331129791419,0.29311091854419413,0.48721837088388215,0.9818024263431543,0.9972920277296361,2.0335629891274913,1.5373510826811634,1.1737959678292895,1.6869845332471296,0.3297227036395147,0.4987001733102253,0.7075389948006933,0.7465337954939342
193,2.1719204854717287,1.587144769043815,0.08539336682192375,0.007956839516836395,0.28921143847487,0.4826689774696707,0.9826689774696707,0.9970753899480069,2.0301086320001085,1.5347548142669518,1.1825878863937933,1.6645975360837304,0.3310225303292894,0.49740034662045063,0.708838821490468,0.7404679376083189
194,2.1666951567915946,1.5888618984916594,0.08521588753579601,0.009948856082698089,0.29603552859618715,0.48732668977469673,0.9822357019064125,0.9974003466204506,2.0285832819946923,1.5448492040254007,1.1954617558153704,1.7093123992972812,0.33188908145580587,0.4948006932409012,0.7131715771230502,0.7391681109185442
195,2.162882839579723,1.584490638878358,0.08693425328934007,0.006220639061886475,0.29473570190641246,0.4831022530329289,0.9808275563258232,0.9987001733102253,2.032881130172227,1.5444192076473138,1.1743279362881824,1.6894347192509749,0.33535528596187175,0.49783362218370886,0.7101386481802426,0.7374350086655113
196,2.1637525641112436,1.5865486978038346,0.08417579743436553,0.00776430225868159,0.29094454072790293,0.4829939341421144,0.9827772963604853,0.9980502599653379,2.0370374444865686,1.5367754270133773,1.1873472534391247,1.703852344426993,0.33232235701906415,0.5004332755632582,0.7144714038128249,0.7417677642980935
197,2.1659426366849,1.5836129808343262,0.08352088597659635,0.006642189141575963,0.2921360485268631,0.48407712305025996,0.983318890814558,0.9983752166377816,2.0283306789563476,1.5491096060238843,1.2043554349003467,1.754870436220483,0.33405545927209707,0.49263431542461006,0.7097053726169844,0.7374350086655113
198,2.160577255063908,1.585018058790078,0.08552492429313462,0.009403632046651593,0.29787694974003465,0.4878682842287695,0.9825606585788561,0.9976169844020797,2.030932024818566,1.538198487597487,1.1735518272042895,1.6677416399818565,0.33232235701906415,0.4982668977469671,0.7101386481802426,0.7435008665511266
199,2.16891611717396,1.5885737533172661,0.08597379581973706,0.008331618647848094,0.29614384748700173,0.4779029462738302,0.983102253032929,0.9975086655112652,2.0322502572573655,1.535714028819595,1.1822480147178294,1.701269298533633,0.33145580589254764,0.5025996533795494,0.7084055459272097,0.7439341421143848
